,UDI,Air temperature [K],Process temperature [K],Rotational speed [rpm],Torque [Nm],Tool wear [min],Machine failure,TWF,HDF,PWF,OSF,RNF,Temp_Difference,Power_Estimate
count,10000.0,10000.0,10000.0,10000.0,10000.0,10000.0,10000.0,10000.0,10000.0,10000.0,10000.0,10000.0,10000.0,10000.0
mean,5000.5,-9.322320693172515e-16,-1.6939338820520788e-15,-2.330580173293129e-16,5.424993787528365e-16,1.0516032489249483e-16,0.0339,0.0046,0.0115,0.0095,0.0098,0.0019,10.00063,6279.744953253429
std,2886.8956799071675,1.0000500037503124,1.0000500037503126,1.0000500037503126,1.0000500037503126,1.0000500037503126,0.18098084265065364,0.06767051004531426,0.10662498247919606,0.09700871645943425,0.09851360562404211,0.043549737748530666,1.0010938127779023,1067.4182951178793
min,1.0,-2.352278384956834,-2.901985570278399,-2.068195945136021,-3.6301494702505654,-1.6959837443286896,0.0,0.0,0.0,0.0,0.0,0.0,7.599999999999966,1148.4406104462846
25%,2500.75,-0.8523973761276875,-0.8125581165062826,-0.6458012276510339,-0.6808400535204094,-0.863317641657843,0.0,0.0,0.0,0.0,0.0,0.0,9.299999999999955,5561.184483531581
50%,5000.5,0.0475312291698062,0.0636533963658965,-0.1995597476557439,0.011344809589729025,0.0007698233779410749,0.0,0.0,0.0,0.0,0.0,0.0,9.800000000000011,6271.027343610193
75%,7500.25,0.7474756999567299,0.737662252421413,0.4084442688378387,0.6834663433343559,0.8491466072312563,0.0,0.0,0.0,0.0,0.0,0.0,11.0,7003.0027239333485
max,10000.0,2.2473567087858766,2.5574861637713,7.514839837762832,3.672902418795534,2.278818594835917,1.0,1.0,1.0,1.0,1.0,1.0,12.100000000000023,10469.923004765633
